{
    "now": "2026-01-08T08:25:51.621Z",
    "perfNow": 4661337.699999809,
    "diagnosticCorrelation": "c7229722-a1a0-4523-a984-2ce0cff346d5",
    "source": "DownloadSupportFiles",
    "environment": {
        "productName": "adf",
        "buildVersion": "1.0.121025.1",
        "environmentType": 3,
        "resourceName": "adf-projectonsaleslt",
        "resourceRegion": "centralindia",
        "resourceGroup": "08Jan2026",
        "subscriptionId": "5f90c813-3405-420a-bbe3-1a675f548c94",
        "sessionId": "IeRurpQzvGf4igBBSISea4",
        "operationId": "",
        "gitType": "live",
        "loggingKey": "85132f15-dd61-4cc9-ba9f-a3f0f7f4fe5b"
    },
    "additionalInfo": {
        "selectedResource": "pl_staging",
        "selectedResourceType": "pipeline"
    }
}