{
    "name": "ds_sink",
    "properties": {
        "linkedServiceName": {
            "referenceName": "ls_sink",
            "type": "LinkedServiceReference"
        },
        "parameters": {
            "TABLE_SCHEMA": {
                "type": "string"
            },
            "TABLE_NAME": {
                "type": "string"
            }
        },
        "annotations": [],
        "type": "Parquet",
        "typeProperties": {
            "location": {
                "type": "AzureBlobStorageLocation",
                "fileName": {
                    "value": "@concat(dataset().TABLE_NAME,'.parquet')",
                    "type": "Expression"
                },
                "folderPath": {
                    "value": "@concat(dataset().TABLE_SCHEMA,'/',dataset().TABLE_NAME)",
                    "type": "Expression"
                },
                "container": "layer-1"
            },
            "compressionCodec": "snappy"
        },
        "schema": []
    }
}